{
  "Random Forest": {
    "cv_r2_mean": -0.10106190623774233,
    "cv_r2_std": 0.18718834124527461,
    "test_mae": 0.0932655792604695,
    "test_rmse": 0.1495805580115157,
    "test_r2": -0.2585837581373953
  },
  "XGBoost": {
    "cv_r2_mean": -0.825173373996696,
    "cv_r2_std": 1.618593888829506,
    "test_mae": 0.0976523954305777,
    "test_rmse": 0.15554442720438394,
    "test_r2": -0.36094550897838795
  }
}